,Unnamed: 0,country,date,pop_growth_rate,population_rank,gdp,gdp_rank,clusters
0,0,Japan,2000,0.167,26.0,4968359075957.0,2.0,Safe
1,1,South Korea,2000,0.836,16.0,576178114168.0,9.0,Safe
2,2,India,2000,1.822,6.0,468394937262.0,10.0,Safe
3,3,United Kingdom,2000,0.357,24.0,1666126494175.0,4.0,Safe
4,4,Mexico,2000,1.585,8.0,707906744575.0,6.0,Dangerous
5,5,Nigeria,2000,2.603,4.0,69448756933.0,20.0,Dangerous
6,6,South Africa,2000,0.963,14.0,151753369492.0,15.0,Dangerous
7,7,Uganda,2000,3.135,1.0,6193246837.0,29.0,Dangerous
8,8,Brazil,2000,1.367,10.0,655448188237.0,7.0,Dangerous
9,9,New Zealand,2000,0.588,21.0,52623281957.0,21.0,Safe
10,10,El Salvador,2000,0.583,22.0,11784927700.0,28.0,Dangerous
11,11,Cuba,2000,0.322,25.0,30565400000.0,25.0,Safe
12,12,Canada,2000,0.931,15.0,744773415932.0,5.0,Safe
13,13,Spain,2000,0.447,23.0,598363313495.0,8.0,Safe
14,14,Australia,2000,1.144,11.0,415851284306.0,12.0,Safe
15,15,United States,2000,1.113,13.0,10250947997000.0,1.0,Safe
16,16,Romania,2000,-0.129,29.0,37253259017.0,22.0,Safe
17,17,Germany,2000,0.135,28.0,1947981991012.0,3.0,Safe
18,18,Sweden,2000,0.161,27.0,262835454367.0,13.0,Safe
19,19,Ukraine,2000,-1.007,30.0,32375280321.0,23.0,Safe
20,20,Israel,2000,2.642,3.0,136035771712.0,16.0,Safe
21,21,Portugal,2000,0.703,18.0,118605192877.0,17.0,Safe
22,22,Norway,2000,0.649,19.0,171247131269.0,14.0,Safe
23,23,Netherlands,2000,0.715,17.0,417479337445.0,11.0,Safe
24,24,Colombia,2000,1.62,7.0,99886577331.0,18.0,Dangerous
25,25,Vietnam,2000,1.117,12.0,31172518403.0,24.0,Safe
26,27,Kenya,2000,2.915,2.0,12705357103.0,27.0,Dangerous
27,28,Sri Lanka,2000,0.611,20.0,16330814180.0,26.0,Safe
28,29,Philippines,2000,2.217,5.0,83669693589.0,19.0,Safe
29,30,Japan,2001,0.241,27.0,4374711694091.0,2.0,Safe
30,31,South Korea,2001,0.767,15.0,547658231280.0,9.0,Safe
31,32,India,2001,1.808,6.0,485441014539.0,10.0,Safe
32,33,United Kingdom,2001,0.385,24.0,1648658413704.0,4.0,Safe
33,34,Mexico,2001,1.542,8.0,756706300590.0,5.0,Dangerous
34,35,Nigeria,2001,2.651,3.0,72797282065.0,20.0,Dangerous
35,36,South Africa,2001,0.886,14.0,135429607037.0,15.0,Dangerous
36,37,Uganda,2001,3.045,1.0,5840503869.0,29.0,Dangerous
37,38,Brazil,2001,1.321,9.0,559991261406.0,8.0,Dangerous
38,39,New Zealand,2001,0.589,21.0,53872425917.0,21.0,Safe
39,40,El Salvador,2001,0.496,23.0,12282533600.0,28.0,Dangerous
40,41,Cuba,2001,0.3,25.0,31682400000.0,25.0,Safe
41,42,Canada,2001,1.086,11.0,738981792355.0,6.0,Safe
42,43,Spain,2001,0.694,20.0,627830029412.0,7.0,Safe
43,44,Australia,2001,1.284,10.0,379358162499.0,12.0,Safe
44,45,United States,2001,0.99,13.0,10581929774000.0,1.0,Safe
45,46,Romania,2001,-1.395,30.0,40394824679.0,22.0,Safe
46,47,Germany,2001,0.168,28.0,1945790973803.0,3.0,Safe
47,48,Sweden,2001,0.268,26.0,242395852494.0,13.0,Safe
48,49,Ukraine,2001,-1.051,29.0,39309580983.0,23.0,Safe
49,50,Israel,2001,2.357,4.0,134635822099.0,16.0,Safe
50,51,Portugal,2001,0.705,19.0,121604107165.0,17.0,Safe
51,52,Norway,2001,0.506,22.0,173972218824.0,14.0,Safe
52,53,Netherlands,2001,0.755,16.0,431586852370.0,11.0,Safe
53,54,Colombia,2001,1.576,7.0,98211749596.0,18.0,Dangerous
54,55,Vietnam,2001,1.028,12.0,32685198735.0,24.0,Safe
55,57,Kenya,2001,3.029,2.0,12986007426.0,27.0,Dangerous
56,58,Sri Lanka,2001,0.712,18.0,15749753805.0,26.0,Safe
57,59,Philippines,2001,2.117,5.0,78921234458.0,19.0,Safe
58,60,Japan,2002,0.233,27.0,4182846045874.0,2.0,Safe
59,61,South Korea,2002,0.578,20.0,627246081417.0,8.0,Safe
60,62,India,2002,1.777,7.0,514937948870.0,9.0,Safe
61,63,United Kingdom,2002,0.423,23.0,1785843824940.0,4.0,Safe
62,64,Mexico,2002,1.52,10.0,772106378935.0,5.0,Dangerous
63,65,Nigeria,2002,2.683,4.0,95054094655.0,19.0,Dangerous
64,66,South Africa,2002,0.91,17.0,129088132202.0,16.0,Dangerous
65,67,Uganda,2002,3.108,2.0,6178563591.0,29.0,Dangerous
66,68,Brazil,2002,1.263,12.0,509788814957.0,10.0,Dangerous
67,69,New Zealand,2002,1.737,8.0,66627729311.0,21.0,Safe
68,70,El Salvador,2002,0.386,24.0,12664190300.0,28.0,Dangerous
69,71,Cuba,2002,0.277,26.0,33590500000.0,25.0,Safe
70,72,Canada,2002,1.087,14.0,760649334098.0,6.0,Safe
71,73,Spain,2002,1.413,11.0,708756677089.0,7.0,Safe
72,74,Australia,2002,1.138,13.0,395580786940.0,12.0,Safe
73,75,United States,2002,0.928,16.0,10929112955000.0,1.0,Safe
74,76,Romania,2002,-1.831,30.0,46066101951.0,22.0,Safe
75,77,Germany,2002,0.168,28.0,2078484517475.0,3.0,Safe
76,78,Sweden,2002,0.325,25.0,266849061836.0,13.0,Safe
77,79,Ukraine,2002,-0.95,29.0,43956369917.0,23.0,Safe
78,80,Israel,2002,2.014,6.0,125060622863.0,17.0,Safe
79,81,Portugal,2002,0.548,21.0,134795565549.0,15.0,Safe
80,82,Norway,2002,0.539,22.0,195524186478.0,14.0,Safe
81,83,Netherlands,2002,0.638,19.0,473861980071.0,11.0,Safe
82,84,Colombia,2002,1.535,9.0,97963003805.0,18.0,Dangerous
83,85,Vietnam,2002,1.028,15.0,35064105501.0,24.0,Safe
84,86,Afghanistan,2002,6.449,1.0,3854235264.0,30.0,Dangerous
85,87,Kenya,2002,3.034,3.0,13147743911.0,27.0,Dangerous
86,88,Sri Lanka,2002,0.794,18.0,16536535647.0,26.0,Safe
87,89,Philippines,2002,2.063,5.0,84307291974.0,20.0,Safe
88,90,Japan,2003,0.214,27.0,4519561645254.0,2.0,Safe
89,91,South Korea,2003,0.518,20.0,702717332013.0,8.0,Safe
90,92,India,2003,1.724,9.0,607699285434.0,9.0,Safe
91,93,United Kingdom,2003,0.466,22.0,2056612244898.0,4.0,Safe
92,94,Mexico,2003,1.487,10.0,729336319677.0,7.0,Dangerous
93,95,Nigeria,2003,2.693,4.0,104738980157.0,18.0,Dangerous
94,96,South Africa,2003,0.924,15.0,197020241490.0,15.0,Dangerous
95,97,Uganda,2003,3.12,2.0,6606884391.0,29.0,Dangerous
96,98,Brazil,2003,1.186,12.0,558229210853.0,11.0,Dangerous
97,99,New Zealand,2003,1.974,6.0,88250885550.0,20.0,Safe
98,100,El Salvador,2003,0.259,26.0,13243892200.0,28.0,Dangerous
99,101,Cuba,2003,0.261,25.0,35901200000.0,25.0,Safe
100,102,Canada,2003,0.901,16.0,895540646635.0,6.0,Safe
101,103,Spain,2003,1.808,7.0,907491523174.0,5.0,Safe
102,104,Australia,2003,1.15,13.0,467497961561.0,12.0,Safe
103,105,United States,2003,0.859,17.0,11456442041000.0,1.0,Safe
104,106,Romania,2003,-0.721,29.0,57806506024.0,22.0,Safe
105,107,Germany,2003,0.055,28.0,2501640388482.0,3.0,Safe
106,108,Sweden,2003,0.372,24.0,334337212322.0,13.0,Safe
107,109,Ukraine,2003,-0.811,30.0,52010238716.0,23.0,Safe
108,110,Israel,2003,1.806,8.0,131299915900.0,17.0,Safe
109,111,Portugal,2003,0.375,23.0,165226175537.0,16.0,Safe
110,112,Norway,2003,0.587,19.0,228858506822.0,14.0,Safe
111,113,Netherlands,2003,0.472,21.0,580070360702.0,10.0,Safe
112,114,Colombia,2003,1.481,11.0,94641378693.0,19.0,Dangerous
113,115,Vietnam,2003,1.028,14.0,39552513316.0,24.0,Safe
114,116,Afghanistan,2003,7.541,1.0,4539500884.0,30.0,Dangerous
115,117,Kenya,2003,2.967,3.0,14904517650.0,27.0,Dangerous
116,118,Sri Lanka,2003,0.844,18.0,18881765437.0,26.0,Safe
117,119,Philippines,2003,2.018,5.0,87039145965.0,21.0,Safe
118,120,Japan,2004,0.034,27.0,4893116005657.0,2.0,Safe
119,121,South Korea,2004,0.396,21.0,793175007858.0,7.0,Safe
120,122,India,2004,1.673,8.0,709148514805.0,9.0,Safe
121,123,United Kingdom,2004,0.569,20.0,2422958623215.0,4.0,Safe
122,124,Mexico,2004,1.47,10.0,782240601985.0,8.0,Dangerous
123,125,Nigeria,2004,2.696,4.0,135764715375.0,18.0,Dangerous
124,126,South Africa,2004,0.935,15.0,255806631392.0,15.0,Dangerous
125,127,Uganda,2004,2.958,3.0,7939487474.0,29.0,Dangerous
126,128,Brazil,2004,1.139,12.0,669293772179.0,10.0,Dangerous
127,129,New Zealand,2004,1.486,9.0,103905210084.0,20.0,Safe
128,130,El Salvador,2004,0.146,26.0,13724810900.0,28.0,Dangerous
129,131,Cuba,2004,0.233,25.0,38203000000.0,25.0,Safe
130,132,Canada,2004,0.933,16.0,1026690238278.0,6.0,Safe
131,133,Spain,2004,1.725,7.0,1069055675274.0,5.0,Safe
132,134,Australia,2004,1.069,13.0,614326362214.0,12.0,Safe
133,135,United States,2004,0.925,17.0,12217193198000.0,1.0,Safe
134,136,Romania,2004,-0.57,29.0,74972669057.0,22.0,Safe
135,137,Germany,2004,-0.022,28.0,2814353869359.0,3.0,Safe
136,138,Sweden,2004,0.393,22.0,385118044877.0,13.0,Safe
137,139,Ukraine,2004,-0.759,30.0,67220154164.0,23.0,Safe
138,140,Israel,2004,1.768,6.0,139973148371.0,17.0,Safe
139,141,Portugal,2004,0.239,24.0,189382122532.0,16.0,Safe
140,142,Norway,2004,0.591,19.0,264511630667.0,14.0,Safe
141,143,Netherlands,2004,0.347,23.0,658380081545.0,11.0,Safe
142,144,Colombia,2004,1.428,11.0,117081522350.0,19.0,Dangerous
143,145,Vietnam,2004,1.02,14.0,45427854693.0,24.0,Safe
144,146,Afghanistan,2004,3.933,1.0,5220823685.0,30.0,Dangerous
145,147,Kenya,2004,2.99,2.0,16095337094.0,27.0,Dangerous
146,148,Sri Lanka,2004,0.845,18.0,20662525941.0,26.0,Safe
147,149,Philippines,2004,1.987,5.0,95002028505.0,21.0,Safe
148,150,Japan,2005,0.009,27.0,4831467035390.0,2.0,Safe
149,151,South Korea,2005,0.212,23.0,934901071333.0,7.0,Safe
150,152,India,2005,1.604,8.0,820381595513.0,10.0,Safe
151,153,United Kingdom,2005,0.687,19.0,2544805454545.0,4.0,Safe
152,154,Mexico,2005,1.43,9.0,877476221382.0,9.0,Dangerous
153,155,Nigeria,2005,2.694,4.0,175670536601.0,17.0,Dangerous
154,156,South Africa,2005,0.945,15.0,288868489079.0,15.0,Dangerous
155,157,Uganda,2005,2.906,3.0,9239221859.0,29.0,Dangerous
156,158,Brazil,2005,1.117,13.0,891630177210.0,8.0,Dangerous
157,159,New Zealand,2005,1.129,12.0,114720129550.0,20.0,Safe
158,160,El Salvador,2005,0.036,26.0,14698000000.0,28.0,Dangerous
159,161,Cuba,2005,0.185,25.0,42643836100.0,25.0,Safe
160,162,Canada,2005,0.944,16.0,1173108598779.0,5.0,Safe
161,163,Spain,2005,1.689,7.0,1153715822718.0,6.0,Safe
162,164,Australia,2005,1.217,11.0,695328522027.0,11.0,Safe
163,165,United States,2005,0.922,17.0,13039199193000.0,1.0,Safe
164,166,Romania,2005,-0.618,29.0,98452791983.0,22.0,Safe
165,167,Germany,2005,-0.057,28.0,2846864211175.0,3.0,Safe
166,168,Sweden,2005,0.4,21.0,392218088879.0,13.0,Safe
167,169,Ukraine,2005,-0.733,30.0,89239370109.0,23.0,Safe
168,170,Israel,2005,1.763,6.0,147083996034.0,18.0,Safe
169,171,Portugal,2005,0.186,24.0,197253876705.0,16.0,Safe
170,172,Norway,2005,0.681,20.0,308884284051.0,14.0,Safe
171,173,Netherlands,2005,0.234,22.0,685348181516.0,12.0,Safe
172,174,Colombia,2005,1.366,10.0,145619193046.0,19.0,Dangerous
173,175,Vietnam,2005,1.004,14.0,57633255618.0,24.0,Safe
174,176,Afghanistan,2005,3.577,1.0,6226199249.0,30.0,Dangerous
175,177,Kenya,2005,2.977,2.0,18737897745.0,27.0,Dangerous
176,178,Sri Lanka,2005,0.811,18.0,24405791045.0,26.0,Safe
177,179,Philippines,2005,1.936,5.0,107419961718.0,21.0,Safe
178,180,Japan,2006,0.063,26.0,4601663122650.0,2.0,Safe
179,181,South Korea,2006,0.525,22.0,1053216909888.0,8.0,Safe
180,182,India,2006,1.524,8.0,940259888792.0,10.0,Safe
181,183,United Kingdom,2006,0.735,20.0,2709911683533.0,4.0,Safe
182,184,Mexico,2006,1.361,9.0,975387131716.0,9.0,Dangerous
183,185,Nigeria,2006,2.696,4.0,238454952232.0,16.0,Dangerous
184,186,South Africa,2006,0.964,16.0,303860874149.0,15.0,Dangerous
185,187,Uganda,2006,2.915,3.0,9977647645.0,29.0,Dangerous
186,188,Brazil,2006,1.077,13.0,1107640289661.0,7.0,Dangerous
187,189,New Zealand,2006,1.219,12.0,111538810713.0,23.0,Safe
188,190,El Salvador,2006,-0.056,27.0,15999890000.0,28.0,Dangerous
189,191,Cuba,2006,0.129,25.0,48835925926.0,25.0,Safe
190,192,Canada,2006,1.01,14.0,1319264809591.0,5.0,Safe
191,193,Spain,2006,1.69,7.0,1260398977832.0,6.0,Safe
192,194,Australia,2006,1.349,10.0,747906558850.0,11.0,Safe
193,195,United States,2006,0.964,17.0,13815586948000.0,1.0,Safe
194,196,Romania,2006,-0.592,29.0,122022997508.0,21.0,Safe
195,197,Germany,2006,-0.113,28.0,2994703642024.0,3.0,Safe
196,198,Sweden,2006,0.562,21.0,423093437424.0,13.0,Safe
197,199,Ukraine,2006,-0.676,30.0,111884752475.0,22.0,Safe
198,200,Israel,2006,1.768,6.0,158670456933.0,19.0,Safe
199,201,Portugal,2006,0.18,23.0,208756449276.0,17.0,Safe
200,202,Norway,2006,0.805,18.0,345581369966.0,14.0,Safe
201,203,Netherlands,2006,0.161,24.0,733955269899.0,12.0,Safe
202,204,Colombia,2006,1.299,11.0,161618580753.0,18.0,Dangerous
203,205,Vietnam,2006,0.969,15.0,66371664817.0,24.0,Safe
204,206,Afghanistan,2006,4.14,1.0,6971379033.0,30.0,Dangerous
205,207,Kenya,2006,2.975,2.0,25825524821.0,27.0,Dangerous
206,208,Sri Lanka,2006,0.77,19.0,28279814925.0,26.0,Safe
207,209,Philippines,2006,1.884,5.0,127652859201.0,20.0,Safe
208,210,Japan,2007,0.115,26.0,4579750920355.0,2.0,Safe
209,211,South Korea,2007,0.505,22.0,1172614086540.0,9.0,Safe
210,212,India,2007,1.466,9.0,1216735441525.0,8.0,Safe
211,213,United Kingdom,2007,0.779,19.0,3092821128451.0,4.0,Safe
212,214,Mexico,2007,1.316,10.0,1052696282279.0,10.0,Dangerous
213,215,Nigeria,2007,2.71,3.0,278260808841.0,16.0,Dangerous
214,216,South Africa,2007,1.014,14.0,333075462600.0,15.0,Dangerous
215,217,Uganda,2007,2.934,2.0,11902564401.0,29.0,Dangerous
216,218,Brazil,2007,1.032,13.0,1397084349956.0,7.0,Dangerous
217,219,New Zealand,2007,0.932,18.0,137188946866.0,23.0,Safe
218,220,El Salvador,2007,0.161,25.0,17011750000.0,28.0,Dangerous
219,221,Cuba,2007,0.082,27.0,54262870370.0,25.0,Safe
220,222,Canada,2007,0.971,15.0,1468820407783.0,6.0,Safe
221,223,Spain,2007,1.851,5.0,1474002579820.0,5.0,Safe
222,224,Australia,2007,1.825,6.0,854427259166.0,11.0,Safe
223,225,United States,2007,0.951,17.0,14474226905000.0,1.0,Safe
224,226,Romania,2007,-1.477,30.0,174585202805.0,20.0,Safe
225,227,Germany,2007,-0.134,28.0,3425578382922.0,3.0,Safe
226,228,Sweden,2007,0.742,20.0,491252589217.0,13.0,Safe
227,229,Ukraine,2007,-0.597,29.0,148733861386.0,22.0,Safe
228,230,Israel,2007,1.776,8.0,184052121662.0,19.0,Safe
229,231,Portugal,2007,0.196,24.0,240496147317.0,17.0,Safe
230,232,Norway,2007,1.035,12.0,400937100159.0,14.0,Safe
231,233,Netherlands,2007,0.218,23.0,848558887541.0,12.0,Safe
232,234,Colombia,2007,1.24,11.0,206181823188.0,18.0,Dangerous
233,235,Vietnam,2007,0.961,16.0,77414425532.0,24.0,Safe
234,236,Afghanistan,2007,1.793,7.0,9715761650.0,30.0,Dangerous
235,237,Kenya,2007,2.966,1.0,31958195182.0,27.0,Dangerous
236,238,Sri Lanka,2007,0.739,21.0,32350248411.0,26.0,Safe
237,239,Philippines,2007,1.87,4.0,155980378254.0,21.0,Safe
238,240,Japan,2008,0.048,27.0,5106679115127.0,2.0,Safe
239,241,South Korea,2008,0.759,21.0,1047339010225.0,11.0,Safe
240,242,India,2008,1.422,9.0,1198895582138.0,8.0,Safe
241,243,United Kingdom,2008,0.787,19.0,2931501838235.0,4.0,Safe
242,244,Mexico,2008,1.268,10.0,1109989063587.0,9.0,Dangerous
243,245,Nigeria,2008,2.72,3.0,339476215684.0,15.0,Dangerous
244,246,South Africa,2008,1.133,13.0,316132138757.0,16.0,Dangerous
245,247,Uganda,2008,2.927,2.0,14440404021.0,29.0,Dangerous
246,248,Brazil,2008,0.987,15.0,1695824565929.0,5.0,Dangerous
247,249,New Zealand,2008,0.849,18.0,133131369930.0,23.0,Safe
248,250,El Salvador,2008,0.396,23.0,17986890000.0,28.0,Dangerous
249,251,Cuba,2008,0.06,26.0,56302129630.0,25.0,Safe
250,252,Canada,2008,1.083,14.0,1552989690722.0,7.0,Safe
251,253,Spain,2008,1.595,8.0,1631863493552.0,6.0,Safe
252,254,Australia,2008,2.004,4.0,1055642793196.0,10.0,Safe
253,255,United States,2008,0.946,17.0,14769857911000.0,1.0,Safe
254,256,Romania,2008,-1.666,30.0,214313628965.0,20.0,Safe
255,257,Germany,2008,-0.19,28.0,3745264093617.0,3.0,Safe
256,258,Sweden,2008,0.779,20.0,517706149201.0,13.0,Safe
257,259,Ukraine,2008,-0.541,29.0,188111140644.0,21.0,Safe
258,260,Israel,2008,1.777,7.0,220531065217.0,19.0,Safe
259,261,Portugal,2008,0.144,25.0,263416394624.0,17.0,Safe
260,262,Norway,2008,1.246,11.0,462250000000.0,14.0,Safe
261,263,Netherlands,2008,0.389,24.0,951869997864.0,12.0,Safe
262,264,Colombia,2008,1.168,12.0,242186949773.0,18.0,Dangerous
263,265,Vietnam,2008,0.98,16.0,99130304099.0,24.0,Safe
264,266,Afghanistan,2008,2.002,5.0,10249767311.0,30.0,Dangerous
265,267,Kenya,2008,2.979,1.0,35895153328.0,27.0,Dangerous
266,268,Sri Lanka,2008,0.713,22.0,40713812310.0,26.0,Safe
267,269,Philippines,2008,1.87,6.0,181624577155.0,22.0,Safe
268,270,Japan,2009,-0.012,27.0,5289493117994.0,2.0,Safe
269,271,South Korea,2009,0.515,22.0,943941876219.0,9.0,Safe
270,272,India,2009,1.391,8.0,1341886602799.0,8.0,Safe
271,273,United Kingdom,2009,0.756,20.0,2417638261411.0,4.0,Safe
272,274,Mexico,2009,1.237,10.0,900045350649.0,11.0,Dangerous
273,275,Nigeria,2009,2.727,4.0,295008767295.0,16.0,Dangerous
274,276,South Africa,2009,1.189,11.0,329753048857.0,15.0,Dangerous
275,277,Uganda,2009,2.916,3.0,25127805566.0,28.0,Dangerous
276,278,Brazil,2009,0.953,16.0,1667019783635.0,5.0,Dangerous
277,279,New Zealand,2009,1.0,15.0,121373602349.0,23.0,Safe
278,280,El Salvador,2009,0.38,24.0,17601620000.0,29.0,Dangerous
279,281,Cuba,2009,0.058,26.0,57481481481.0,25.0,Safe
280,282,Canada,2009,1.142,12.0,1374625142157.0,7.0,Safe
281,283,Spain,2009,0.886,17.0,1491472923707.0,6.0,Safe
282,284,Australia,2009,2.061,6.0,928626859078.0,10.0,Safe
283,285,United States,2009,0.877,18.0,14478064934000.0,1.0,Safe
284,286,Romania,2009,-0.833,30.0,174103695930.0,21.0,Safe
285,287,Germany,2009,-0.253,28.0,3411261212652.0,3.0,Safe
286,288,Sweden,2009,0.852,19.0,436537014294.0,13.0,Safe
287,289,Ukraine,2009,-0.444,29.0,121552777493.0,22.0,Safe
288,290,Israel,2009,2.39,5.0,211970040943.0,19.0,Safe
289,291,Portugal,2009,0.095,25.0,244667762836.0,17.0,Safe
290,292,Norway,2009,1.261,9.0,386190385319.0,14.0,Safe
291,293,Netherlands,2009,0.514,23.0,871518638049.0,12.0,Safe
292,294,Colombia,2009,1.132,13.0,232397835356.0,18.0,Dangerous
293,295,Vietnam,2009,1.029,14.0,106014659770.0,24.0,Safe
294,296,Afghanistan,2009,3.561,1.0,12154835708.0,30.0,Dangerous
295,297,Kenya,2009,2.961,2.0,42347217913.0,26.0,Dangerous
296,298,Sri Lanka,2009,0.696,21.0,42066217872.0,27.0,Safe
297,299,Philippines,2009,1.84,7.0,175974711592.0,20.0,Safe
298,300,Japan,2010,0.018,27.0,5759071769013.0,2.0,Safe
299,301,South Korea,2010,0.498,22.0,1144066965324.0,10.0,Safe
300,302,India,2010,1.378,8.0,1675615335601.0,6.0,Safe
301,303,United Kingdom,2010,0.784,19.0,2491397494468.0,4.0,Safe
302,304,Mexico,2010,1.327,9.0,1057801295584.0,11.0,Dangerous
303,305,Nigeria,2010,2.744,4.0,366990528103.0,16.0,Dangerous
304,306,South Africa,2010,1.193,11.0,417365076968.0,15.0,Dangerous
305,307,Uganda,2010,2.915,1.0,26673441667.0,28.0,Dangerous
306,308,Brazil,2010,0.939,16.0,2208871646203.0,5.0,Dangerous
307,309,New Zealand,2010,1.112,13.0,146517541181.0,23.0,Safe
308,310,El Salvador,2010,0.374,24.0,18447920000.0,29.0,Dangerous
309,311,Cuba,2010,0.064,25.0,59562962963.0,25.0,Safe
310,312,Canada,2010,1.112,14.0,1617343367486.0,7.0,Safe
311,313,Spain,2010,0.46,23.0,1422108199783.0,8.0,Safe
312,314,Australia,2010,1.556,7.0,1148610059015.0,9.0,Safe
313,315,United States,2010,0.83,18.0,15048964444000.0,1.0,Safe
314,316,Romania,2010,-0.594,30.0,170029359011.0,21.0,Safe
315,317,Germany,2010,-0.153,28.0,3399667820000.0,3.0,Safe
316,318,Sweden,2010,0.853,17.0,495812558843.0,13.0,Safe
317,319,Ukraine,2010,-0.397,29.0,141209864408.0,24.0,Safe
318,320,Israel,2010,1.827,5.0,238364092298.0,18.0,Safe
319,321,Portugal,2010,0.046,26.0,238113003233.0,19.0,Safe
320,322,Norway,2010,1.246,10.0,428757038467.0,14.0,Safe
321,323,Netherlands,2010,0.513,21.0,847380859017.0,12.0,Safe
322,324,Colombia,2010,1.127,12.0,286563099757.0,17.0,Dangerous
323,325,Vietnam,2010,1.067,15.0,147201163803.0,22.0,Safe
324,326,Afghanistan,2010,2.895,2.0,15633856787.0,30.0,Dangerous
325,327,Kenya,2010,2.818,3.0,45405587557.0,27.0,Dangerous
326,328,Sri Lanka,2010,0.685,20.0,58636150710.0,26.0,Safe
327,329,Philippines,2010,1.802,6.0,208368726861.0,20.0,Safe
328,330,Japan,2011,-0.185,27.0,6233147172341.0,2.0,Safe
329,331,South Korea,2011,0.769,17.0,1253223044719.0,10.0,Safe
330,332,India,2011,1.362,9.0,1823049927772.0,6.0,Safe
331,333,United Kingdom,2011,0.782,16.0,2666403005061.0,4.0,Safe
332,334,Mexico,2011,1.428,7.0,1180489601958.0,11.0,Dangerous
333,335,Nigeria,2011,2.764,3.0,414466540787.0,16.0,Dangerous
334,336,South Africa,2011,1.263,11.0,458201514137.0,15.0,Dangerous
335,337,Uganda,2011,2.907,2.0,27871725206.0,28.0,Dangerous
336,338,Brazil,2011,0.929,15.0,2616201578192.0,5.0,Dangerous
337,339,New Zealand,2011,0.762,18.0,168291357112.0,24.0,Safe
338,340,El Salvador,2011,0.381,23.0,20283780000.0,29.0,Dangerous
339,341,Cuba,2011,0.073,25.0,68990000000.0,25.0,Safe
340,342,Canada,2011,0.979,14.0,1793326630175.0,7.0,Safe
341,343,Spain,2011,0.355,24.0,1480710495710.0,8.0,Safe
342,344,Australia,2011,1.39,8.0,1398405797101.0,9.0,Safe
343,345,United States,2011,0.727,20.0,15599728123000.0,1.0,Safe
344,346,Romania,2011,-0.492,29.0,192614085154.0,21.0,Safe
345,347,Germany,2011,-1.854,30.0,3749314991051.0,3.0,Safe
346,348,Sweden,2011,0.755,19.0,574094112973.0,13.0,Safe
347,349,Ukraine,2011,-0.36,28.0,169333048848.0,23.0,Safe
348,350,Israel,2011,1.848,5.0,266791854431.0,18.0,Safe
349,351,Portugal,2011,-0.147,26.0,245117990242.0,19.0,Safe
350,352,Norway,2011,1.297,10.0,498283438454.0,14.0,Safe
351,353,Netherlands,2011,0.466,22.0,905270626333.0,12.0,Safe
352,354,Colombia,2011,1.094,12.0,334943877377.0,17.0,Dangerous
353,355,Vietnam,2011,1.067,13.0,172595034069.0,22.0,Safe
354,356,Afghanistan,2011,3.69,1.0,18190410821.0,30.0,Dangerous
355,357,Kenya,2011,2.655,4.0,46869457318.0,27.0,Dangerous
356,358,Sri Lanka,2011,0.673,21.0,67753288946.0,26.0,Safe
357,359,Philippines,2011,1.782,6.0,234216930370.0,20.0,Safe
358,360,Japan,2012,-0.16,27.0,6272362996105.0,2.0,Safe
359,361,South Korea,2012,0.526,20.0,1278427634343.0,10.0,Safe
360,362,India,2012,1.332,9.0,1827637859506.0,7.0,Safe
361,363,United Kingdom,2012,0.695,18.0,2706340967031.0,4.0,Safe
362,364,Mexico,2012,1.397,8.0,1201089987015.0,11.0,Dangerous
363,365,Nigeria,2012,2.749,3.0,463971000389.0,15.0,Dangerous
364,366,South Africa,2012,1.329,10.0,434400545086.0,16.0,Dangerous
365,367,Uganda,2012,2.894,2.0,27305915761.0,28.0,Dangerous
366,368,Brazil,2012,0.9,15.0,2465188674415.0,5.0,Dangerous
367,369,New Zealand,2012,0.548,19.0,176206659723.0,24.0,Safe
368,370,El Salvador,2012,0.389,21.0,21386150000.0,29.0,Dangerous
369,371,Cuba,2012,0.094,25.0,73141000000.0,25.0,Safe
370,372,Canada,2012,1.086,12.0,1828366481522.0,6.0,Safe
371,373,Spain,2012,0.065,26.0,1324750738725.0,9.0,Safe
372,374,Australia,2012,1.746,6.0,1546892142710.0,8.0,Safe
373,375,United States,2012,0.734,17.0,16253972230000.0,1.0,Safe
374,376,Romania,2012,-0.445,30.0,179132893143.0,23.0,Safe
375,377,Germany,2012,0.188,23.0,3527143188785.0,3.0,Safe
376,378,Sweden,2012,0.74,16.0,552483727283.0,13.0,Safe
377,379,Ukraine,2012,-0.247,28.0,182592416469.0,22.0,Safe
378,380,Israel,2012,1.846,5.0,262282344092.0,18.0,Safe
379,381,Portugal,2012,-0.405,29.0,216224240578.0,20.0,Safe
380,382,Norway,2012,1.313,11.0,509506317147.0,14.0,Safe
381,383,Netherlands,2012,0.37,22.0,838923319920.0,12.0,Safe
382,384,Colombia,2012,1.04,14.0,370921317943.0,17.0,Dangerous
383,385,Vietnam,2012,1.072,13.0,195590647206.0,21.0,Safe
384,386,Afghanistan,2012,4.078,1.0,20203572960.0,30.0,Dangerous
385,387,Kenya,2012,2.526,4.0,56396706006.0,27.0,Dangerous
386,388,Sri Lanka,2012,0.13,24.0,70447191496.0,26.0,Safe
387,389,Philippines,2012,1.744,7.0,261920509951.0,19.0,Safe
388,390,Japan,2013,-0.144,26.0,5212328181166.0,2.0,Safe
389,391,South Korea,2013,0.455,21.0,1370795199976.0,9.0,Safe
390,392,India,2013,1.298,10.0,1856722121394.0,6.0,Safe
391,393,United Kingdom,2013,0.67,20.0,2786315215250.0,4.0,Safe
392,394,Mexico,2013,1.317,9.0,1274443084717.0,11.0,Dangerous
393,395,Nigeria,2013,2.697,3.0,520117163618.0,15.0,Dangerous
394,396,South Africa,2013,1.362,8.0,400886013596.0,16.0,Dangerous
395,397,Uganda,2013,2.877,2.0,28915786997.0,28.0,Dangerous
396,398,Brazil,2013,0.868,15.0,2472806919902.0,5.0,Dangerous
397,399,New Zealand,2013,0.768,18.0,190906575136.0,22.0,Safe
398,400,El Salvador,2013,0.394,22.0,21990960000.0,29.0,Dangerous
399,401,Cuba,2013,0.109,25.0,77148000000.0,25.0,Safe
400,402,Canada,2013,1.057,13.0,1846597421835.0,7.0,Safe
401,403,Spain,2013,-0.328,28.0,1355579535913.0,10.0,Safe
402,404,Australia,2013,1.721,6.0,1576380424746.0,8.0,Safe
403,405,United States,2013,0.693,19.0,16843190993000.0,1.0,Safe
404,406,Romania,2013,-0.371,29.0,189790228072.0,24.0,Safe
405,407,Germany,2013,0.273,24.0,3733804649549.0,3.0,Safe
406,408,Sweden,2013,0.847,16.0,586841821797.0,13.0,Safe
407,409,Ukraine,2013,-0.228,27.0,190498811460.0,23.0,Safe
408,410,Israel,2013,1.866,5.0,297732778479.0,18.0,Safe
409,411,Portugal,2013,-0.549,30.0,226433858006.0,20.0,Safe
410,412,Norway,2013,1.209,11.0,522761531915.0,14.0,Safe
411,413,Netherlands,2013,0.295,23.0,877172824535.0,12.0,Safe
412,414,Colombia,2013,0.99,14.0,382116120909.0,17.0,Dangerous
413,415,Vietnam,2013,1.076,12.0,213708830437.0,21.0,Safe
414,416,Afghanistan,2013,3.467,1.0,20564485419.0,30.0,Dangerous
415,417,Kenya,2013,2.41,4.0,61671425370.0,27.0,Dangerous
416,418,Sri Lanka,2013,0.78,17.0,77000596661.0,26.0,Safe
417,419,Philippines,2013,1.687,7.0,283902728261.0,19.0,Safe
418,420,Japan,2014,-0.133,26.0,4896994405353.0,2.0,Safe
419,421,South Korea,2014,0.628,21.0,1484318219634.0,8.0,Safe
420,422,India,2014,1.24,11.0,2039127446299.0,6.0,Safe
421,423,United Kingdom,2014,0.736,19.0,3065223279584.0,4.0,Safe
422,424,Mexico,2014,1.241,10.0,1315351183525.0,11.0,Dangerous
423,425,Nigeria,2014,2.628,3.0,574183825592.0,14.0,Dangerous
424,426,South Africa,2014,1.576,8.0,381198869776.0,16.0,Dangerous
425,427,Uganda,2014,2.969,2.0,32612397758.0,28.0,Dangerous
426,428,Brazil,2014,0.858,18.0,2455993625159.0,5.0,Dangerous
427,429,New Zealand,2014,1.661,6.0,201313497221.0,22.0,Safe
428,430,El Salvador,2014,0.385,23.0,22593470000.0,29.0,Dangerous
429,431,Cuba,2014,0.092,25.0,80656000000.0,26.0,Safe
430,432,Canada,2014,1.005,14.0,1805749878440.0,7.0,Safe
431,433,Spain,2014,-0.299,27.0,1371820537889.0,10.0,Safe
432,434,Australia,2014,1.492,9.0,1467545212522.0,9.0,Safe
433,435,United States,2014,0.733,20.0,17550680174000.0,1.0,Safe
434,436,Romania,2014,-0.375,28.0,199712289502.0,23.0,Safe
435,437,Germany,2014,0.417,22.0,3889093051024.0,3.0,Safe
436,438,Sweden,2014,0.992,15.0,581964017237.0,13.0,Safe
437,439,Ukraine,2014,-0.479,29.0,133503411376.0,24.0,Safe
438,440,Israel,2014,1.92,5.0,314330061977.0,18.0,Safe
439,441,Portugal,2014,-0.539,30.0,229901964222.0,21.0,Safe
440,442,Norway,2014,1.128,12.0,498410050251.0,15.0,Safe
441,443,Netherlands,2014,0.36,24.0,892167986714.0,12.0,Safe
442,444,Colombia,2014,0.947,16.0,381112110485.0,17.0,Dangerous
443,445,Vietnam,2014,1.066,13.0,233451484774.0,20.0,Safe
444,446,Afghanistan,2014,3.658,1.0,20550582747.0,30.0,Dangerous
445,447,Kenya,2014,2.294,4.0,68285768554.0,27.0,Dangerous
446,448,Sri Lanka,2014,0.933,17.0,82528526230.0,25.0,Safe
447,449,Philippines,2014,1.617,7.0,297483247101.0,19.0,Safe
448,450,Japan,2015,-0.106,27.0,4444930651964.0,2.0,Safe
449,451,South Korea,2015,0.527,22.0,1465773245547.0,8.0,Safe
450,452,India,2015,1.188,10.0,2103587813813.0,5.0,Safe
451,453,United Kingdom,2015,0.792,19.0,2934857946213.0,4.0,Safe
452,454,Mexico,2015,1.167,11.0,1171867608198.0,11.0,Dangerous
453,455,Nigeria,2015,2.541,3.0,493026782402.0,14.0,Dangerous
454,456,South Africa,2015,2.074,5.0,346709790459.0,16.0,Dangerous
455,457,Uganda,2015,3.091,2.0,32387183845.0,28.0,Dangerous
456,458,Brazil,2015,0.846,18.0,1802214373741.0,6.0,Dangerous
457,459,New Zealand,2015,2.036,6.0,178064471138.0,22.0,Safe
458,460,El Salvador,2015,0.346,24.0,23438240000.0,29.0,Dangerous
459,461,Cuba,2015,0.069,25.0,87133000000.0,25.0,Safe
460,462,Canada,2015,0.746,20.0,1556508816217.0,7.0,Safe
461,463,Spain,2015,-0.078,26.0,1196156971280.0,10.0,Safe
462,464,Australia,2015,1.439,9.0,1350615691821.0,9.0,Safe
463,465,United States,2015,0.736,21.0,18206020741000.0,1.0,Safe
464,466,Romania,2015,-0.47,30.0,177882417555.0,23.0,Safe
465,467,Germany,2015,0.866,17.0,3357585719352.0,3.0,Safe
466,468,Sweden,2015,1.057,12.0,505103781350.0,13.0,Safe
467,469,Ukraine,2015,-0.261,28.0,91030959455.0,24.0,Safe
468,470,Israel,2015,1.981,7.0,303414276832.0,18.0,Safe
469,471,Portugal,2015,-0.414,29.0,199394066525.0,21.0,Safe
470,472,Norway,2015,0.995,14.0,385801550067.0,15.0,Safe
471,473,Netherlands,2015,0.443,23.0,765572770634.0,12.0,Safe
472,474,Colombia,2015,0.942,15.0,293481753079.0,19.0,Dangerous
473,475,Vietnam,2015,1.042,13.0,239258340826.0,20.0,Safe
474,476,Afghanistan,2015,3.121,1.0,19998156214.0,30.0,Dangerous
475,477,Kenya,2015,2.2,4.0,70120413329.0,27.0,Dangerous
476,478,Sri Lanka,2015,0.92,16.0,85140963537.0,26.0,Safe
477,479,Philippines,2015,1.67,8.0,306446140629.0,17.0,Safe
478,480,Japan,2016,-0.051,27.0,5003677627544.0,2.0,Safe
479,481,South Korea,2016,0.397,23.0,1500111596236.0,8.0,Safe
480,482,India,2016,1.185,10.0,2294797980509.0,5.0,Safe
481,483,United Kingdom,2016,0.758,20.0,2699659680997.0,4.0,Safe
482,484,Mexico,2016,1.133,11.0,1078490651625.0,11.0,Dangerous
483,485,Nigeria,2016,2.507,3.0,404649048648.0,14.0,Dangerous
484,486,South Africa,2016,0.972,16.0,323585509674.0,16.0,Dangerous
485,487,Uganda,2016,3.335,1.0,29203988815.0,28.0,Dangerous
486,488,Brazil,2016,0.811,18.0,1795700168991.0,6.0,Dangerous
487,489,New Zealand,2016,2.246,4.0,188838342528.0,22.0,Safe
488,490,El Salvador,2016,0.312,24.0,24191430000.0,29.0,Dangerous
489,491,Cuba,2016,0.019,26.0,91370000000.0,25.0,Safe
490,492,Canada,2016,1.132,12.0,1527994741907.0,7.0,Safe
491,493,Spain,2016,0.084,25.0,1233554967012.0,9.0,Safe
492,494,Australia,2016,1.562,8.0,1206535157956.0,10.0,Safe
493,495,United States,2016,0.725,21.0,18695110842000.0,1.0,Safe
494,496,Romania,2016,-0.574,30.0,185286854553.0,23.0,Safe
495,497,Germany,2016,0.807,19.0,3469853463946.0,3.0,Safe
496,498,Sweden,2016,1.256,9.0,515654671470.0,13.0,Safe
497,499,Ukraine,2016,-0.331,29.0,93355993629.0,24.0,Safe
498,500,Israel,2016,1.96,6.0,322102790387.0,17.0,Safe
499,501,Portugal,2016,-0.315,28.0,206426152309.0,21.0,Safe
500,502,Norway,2016,0.881,17.0,368827142857.0,15.0,Safe
501,503,Netherlands,2016,0.532,22.0,784060430240.0,12.0,Safe
502,504,Colombia,2016,1.069,14.0,282825012368.0,19.0,Dangerous
503,505,Vietnam,2016,1.009,15.0,257096001565.0,20.0,Safe
504,506,Afghanistan,2016,2.582,2.0,18019558182.0,30.0,Dangerous
505,507,Kenya,2016,2.202,5.0,74815121315.0,27.0,Dangerous
506,508,Sri Lanka,2016,1.105,13.0,88012262257.0,26.0,Safe
507,509,Philippines,2016,1.774,7.0,318626761493.0,18.0,Safe
508,510,Japan,2017,-0.082,27.0,4930837369151.0,2.0,Safe
509,511,South Korea,2017,0.281,23.0,1623901496836.0,8.0,Safe
510,512,India,2017,1.156,12.0,2651472946375.0,5.0,Safe
511,513,United Kingdom,2017,0.679,18.0,2683399006716.0,4.0,Safe
512,514,Mexico,2017,1.08,14.0,1158913035796.0,11.0,Dangerous
513,515,Nigeria,2017,2.527,3.0,375745732275.0,16.0,Dangerous
514,516,South Africa,2017,0.387,21.0,381448814653.0,15.0,Dangerous
515,517,Uganda,2017,3.496,1.0,30744473912.0,28.0,Dangerous
516,518,Brazil,2017,0.792,17.0,2063507864887.0,6.0,Dangerous
517,519,New Zealand,2017,2.089,5.0,206623758800.0,23.0,Safe
518,520,El Salvador,2017,0.258,24.0,24979190000.0,29.0,Dangerous
519,521,Cuba,2017,-0.049,26.0,96851000000.0,25.0,Safe
520,522,Canada,2017,1.2,11.0,1649265644244.0,7.0,Safe
521,523,Spain,2017,0.235,25.0,1313245330198.0,10.0,Safe
522,524,Australia,2017,1.653,8.0,1326516328532.0,9.0,Safe
523,525,United States,2017,0.633,19.0,19477336549000.0,1.0,Safe
524,526,Romania,2017,-0.578,30.0,210146748920.0,22.0,Safe
525,527,Germany,2017,0.374,22.0,3690849152518.0,3.0,Safe
526,528,Sweden,2017,1.347,10.0,541018749769.0,13.0,Safe
527,529,Ukraine,2017,-0.386,29.0,112090530369.0,24.0,Safe
528,530,Israel,2017,1.939,6.0,358245427459.0,17.0,Safe
529,531,Portugal,2017,-0.244,28.0,221357874719.0,21.0,Safe
530,532,Norway,2017,0.808,16.0,398393955269.0,14.0,Safe
531,533,Netherlands,2017,0.591,20.0,833869641687.0,12.0,Safe
532,534,Colombia,2017,1.512,9.0,311883730442.0,19.0,Dangerous
533,535,Vietnam,2017,0.969,15.0,281353625688.0,20.0,Safe
534,536,Afghanistan,2017,2.866,2.0,18896352022.0,30.0,Dangerous
535,537,Kenya,2017,2.176,4.0,82035800868.0,27.0,Dangerous
536,538,Sri Lanka,2017,1.13,13.0,94376246467.0,26.0,Safe
537,539,Philippines,2017,1.761,7.0,328480867143.0,18.0,Safe
538,540,Japan,2018,-0.127,27.0,5037835383111.0,2.0,Safe
539,541,South Korea,2018,0.434,23.0,1724845615629.0,8.0,Safe
540,542,India,2018,1.088,13.0,2702929718960.0,5.0,Safe
541,543,United Kingdom,2018,0.606,19.0,2878152147316.0,4.0,Safe
542,544,Mexico,2018,0.952,15.0,1222408203104.0,11.0,Dangerous
543,545,Nigeria,2018,2.497,3.0,421739210176.0,15.0,Dangerous
544,546,South Africa,2018,1.226,11.0,404159690891.0,16.0,Dangerous
545,547,Uganda,2018,3.401,1.0,32927025573.0,28.0,Dangerous
546,548,Brazil,2018,0.794,17.0,1916947014068.0,6.0,Dangerous
547,549,New Zealand,2018,1.791,7.0,211953111036.0,23.0,Safe
548,550,El Salvador,2018,0.154,25.0,26020850000.0,29.0,Dangerous
549,551,Cuba,2018,-0.072,26.0,100050000000.0,25.0,Safe
550,552,Canada,2018,1.412,10.0,1725329192783.0,7.0,Safe
551,553,Spain,2018,0.438,22.0,1421702715218.0,10.0,Safe
552,554,Australia,2018,1.503,9.0,1428288504767.0,9.0,Safe
553,555,United States,2018,0.526,21.0,20533057312000.0,1.0,Safe
554,556,Romania,2018,-0.587,30.0,243317079359.0,21.0,Safe
555,557,Germany,2018,0.301,24.0,3974443355020.0,3.0,Safe
556,558,Sweden,2018,1.162,12.0,555455371487.0,13.0,Safe
557,559,Ukraine,2018,-0.466,29.0,130891049797.0,24.0,Safe
558,560,Israel,2018,1.927,5.0,376691526553.0,17.0,Safe
559,561,Portugal,2018,-0.16,28.0,242313116578.0,22.0,Safe
560,562,Norway,2018,0.66,18.0,436999692591.0,14.0,Safe
561,563,Netherlands,2018,0.584,20.0,914043438180.0,12.0,Safe
562,564,Colombia,2018,1.896,6.0,334198218101.0,19.0,Dangerous
563,565,Vietnam,2018,0.933,16.0,310106472643.0,20.0,Safe
564,566,Afghanistan,2018,2.885,2.0,18418848300.0,30.0,Dangerous
565,567,Kenya,2018,2.033,4.0,92202956321.0,27.0,Dangerous
566,568,Sri Lanka,2018,1.048,14.0,94493847352.0,26.0,Safe
567,569,Philippines,2018,1.7,8.0,346842094175.0,18.0,Safe
568,570,Japan,2019,-0.14,28.0,5123318151511.0,2.0,Safe
569,571,South Korea,2019,0.348,23.0,1651422932448.0,8.0,Safe
570,572,India,2019,1.025,12.0,2831552222520.0,5.0,Safe
571,573,United Kingdom,2019,0.564,21.0,2857057847953.0,4.0,Safe
572,574,Mexico,2019,0.86,15.0,1269011767479.0,11.0,Dangerous
573,575,Nigeria,2019,2.448,3.0,448120015210.0,14.0,Dangerous
574,576,South Africa,2019,1.295,11.0,388531954111.0,17.0,Dangerous
575,577,Uganda,2019,3.395,1.0,35353060634.0,28.0,Dangerous
576,578,Brazil,2019,0.766,16.0,1873274432754.0,6.0,Dangerous
577,579,New Zealand,2019,1.591,8.0,213434571358.0,23.0,Safe
578,580,El Salvador,2019,0.062,25.0,26881140000.0,29.0,Dangerous
579,581,Cuba,2019,-0.102,27.0,103428000000.0,25.0,Safe
580,582,Canada,2019,1.436,10.0,1742015045482.0,7.0,Safe
581,583,Spain,2019,0.718,17.0,1394320055129.0,9.0,Safe
582,584,Australia,2019,1.485,9.0,1392227864397.0,10.0,Safe
583,585,United States,2019,0.455,22.0,21380976119000.0,1.0,Safe
584,586,Romania,2019,-0.527,29.0,251019278416.0,21.0,Safe
585,587,Germany,2019,0.226,24.0,3888226035922.0,3.0,Safe
586,588,Sweden,2019,1.014,13.0,533879529188.0,13.0,Safe
587,589,Ukraine,2019,-0.531,30.0,153882982016.0,24.0,Safe
588,590,Israel,2019,1.909,5.0,402470513619.0,16.0,Safe
589,591,Portugal,2019,0.024,26.0,239986922639.0,22.0,Safe
590,592,Norway,2019,0.675,18.0,404941363636.0,15.0,Safe
591,593,Netherlands,2019,0.655,19.0,910194347569.0,12.0,Safe
592,594,Colombia,2019,1.831,6.0,323109540252.0,20.0,Dangerous
593,595,Vietnam,2019,0.904,14.0,334365257437.0,19.0,Safe
594,596,Afghanistan,2019,2.909,2.0,18904490263.0,30.0,Dangerous
595,597,Kenya,2019,1.978,4.0,100379713697.0,26.0,Dangerous
596,598,Sri Lanka,2019,0.612,20.0,89014990792.0,27.0,Safe
597,599,Philippines,2019,1.655,7.0,376823278561.0,18.0,Safe
598,600,Japan,2020,-0.294,28.0,5040107754084.0,2.0,Safe
599,601,South Korea,2020,0.138,24.0,1644312831906.0,7.0,Safe
600,602,India,2020,0.955,13.0,2667687951796.0,5.0,Safe
601,603,United Kingdom,2020,0.365,22.0,2704609160088.0,4.0,Safe
602,604,Mexico,2020,0.727,15.0,1090515389749.0,11.0,Dangerous
603,605,Nigeria,2020,2.441,3.0,432198936002.0,14.0,Dangerous
604,606,South Africa,2020,1.223,10.0,337619680138.0,19.0,Dangerous
605,607,Uganda,2020,3.333,1.0,37600368181.0,28.0,Dangerous
606,608,Brazil,2020,0.665,17.0,1448559976218.0,8.0,Dangerous
607,609,New Zealand,2020,2.205,4.0,211734532308.0,23.0,Safe
608,610,El Salvador,2020,0.199,23.0,24563020000.0,29.0,Dangerous
609,611,Cuba,2020,-0.141,27.0,107352000000.0,25.0,Safe
610,612,Canada,2020,1.153,11.0,1645423407568.0,6.0,Safe
611,613,Spain,2020,0.489,21.0,1276962685648.0,10.0,Safe
612,614,Australia,2020,1.236,9.0,1326901059123.0,9.0,Safe
613,615,United States,2020,0.961,12.0,21060473613000.0,1.0,Safe
614,616,Romania,2020,-0.551,29.0,251362040528.0,21.0,Safe
615,617,Germany,2020,0.082,26.0,3889668895300.0,3.0,Safe
616,618,Sweden,2020,0.723,16.0,547054174236.0,13.0,Safe
617,619,Ukraine,2020,-0.574,30.0,156617861449.0,24.0,Safe
618,620,Israel,2020,1.764,6.0,413267669232.0,15.0,Safe
619,621,Portugal,2020,0.105,25.0,229031860521.0,22.0,Safe
620,622,Norway,2020,0.589,18.0,362198318435.0,16.0,Safe
621,623,Netherlands,2020,0.556,19.0,909793466661.0,12.0,Safe
622,624,Colombia,2020,1.47,8.0,270299984938.0,20.0,Dangerous
623,625,Vietnam,2020,0.906,14.0,346615750664.0,18.0,Safe
624,626,Afghanistan,2020,3.135,2.0,20143442151.0,30.0,Dangerous
625,627,Kenya,2020,2.01,5.0,100666542666.0,26.0,Dangerous
626,628,Sri Lanka,2020,0.531,20.0,85349112171.0,27.0,Safe
627,629,Philippines,2020,1.627,7.0,361751116293.0,17.0,Safe
628,630,Japan,2021,-0.46,28.0,4940877780755.0,2.0,Safe
629,631,South Korea,2021,-0.176,26.0,1810955871381.0,7.0,Safe
630,632,India,2021,0.797,11.0,3176295065497.0,4.0,Safe
631,633,United Kingdom,2021,0.365,19.0,3131377762926.0,5.0,Safe
632,634,Mexico,2021,0.559,14.0,1272839334119.0,11.0,Dangerous
633,635,Nigeria,2021,2.406,3.0,440833583992.0,16.0,Dangerous
634,636,South Africa,2021,0.999,9.0,419015018372.0,17.0,Dangerous
635,637,Uganda,2021,3.211,1.0,40529789026.0,27.0,Dangerous
636,638,Brazil,2021,0.529,17.0,1608981456325.0,8.0,Dangerous
637,639,New Zealand,2021,0.635,12.0,249885687030.0,23.0,Safe
638,640,El Salvador,2021,0.34,20.0,28736940000.0,28.0,Dangerous
639,641,Cuba,2021,-0.393,27.0,,,Safe
640,642,Canada,2021,0.548,15.0,1988336331717.0,6.0,Safe
641,643,Spain,2021,0.106,24.0,1427380681295.0,10.0,Safe
642,644,Australia,2021,0.128,22.0,1552667363236.0,9.0,Safe
643,645,United States,2021,0.118,23.0,23315080560000.0,1.0,Safe
644,646,Romania,2021,-0.757,29.0,284087563696.0,21.0,Safe
645,647,Germany,2021,0.042,25.0,4259934911822.0,3.0,Safe
646,648,Sweden,2021,0.601,13.0,635663801202.0,13.0,Safe
647,649,Ukraine,2021,-0.772,30.0,200085537744.0,24.0,Safe
648,650,Israel,2021,1.603,5.0,488526545879.0,14.0,Safe
649,651,Portugal,2021,0.272,21.0,253663144586.0,22.0,Safe
650,652,Norway,2021,0.535,16.0,482174854482.0,15.0,Safe
651,653,Netherlands,2021,0.523,18.0,1012846760977.0,12.0,Safe
652,654,Colombia,2021,1.144,7.0,314464137241.0,20.0,Dangerous
653,655,Vietnam,2021,0.844,10.0,366137590601.0,19.0,Safe
654,656,Afghanistan,2021,2.851,2.0,14786861638.0,29.0,Dangerous
655,657,Kenya,2021,1.943,4.0,110347079517.0,25.0,Dangerous
656,658,Sri Lanka,2021,1.075,8.0,88927263725.0,26.0,Safe
657,659,Philippines,2021,1.495,6.0,394086401171.0,18.0,Safe
